{"cameraMode":{"drawMode":0,"name":"Shaded","section":"Shading Mode"},"sceneLighting":true,"audioPlay":false,"sceneViewState":{"showFog":true,"showMaterialUpdate":false,"showSkybox":true,"showFlares":true,"showImageEffects":true,"showParticleSystems":true,"showVisualEffectGraphs":true,"m_FxEnabled":true},"in2DMode":false,"pivot":{"x":150.40554809570313,"y":-105.10012817382813,"z":166.1610565185547},"rotation":{"x":0.22880958020687104,"y":0.39866897463798525,"z":-0.10341554135084152,"w":0.8820604085922241},"size":151.56777954101563,"orthographic":false}