{"cameraMode":{"drawMode":0,"name":"Shaded","section":"Shading Mode"},"sceneLighting":false,"audioPlay":false,"sceneViewState":{"showFog":true,"showMaterialUpdate":false,"showSkybox":false,"showFlares":true,"showImageEffects":true,"showParticleSystems":true},"in2DMode":false,"pivot":{"x":0.6908175349235535,"y":3.7744903564453127,"z":19.39812660217285},"rotation":{"x":-0.040790628641843799,"y":0.4894731044769287,"z":-0.022928303107619287,"w":-0.8707702159881592},"size":2.306379556655884,"orthographic":false}